IH888.CFFEX,IH
IF888.CFFEX,IF
IC888.CFFEX,IC
au888.SHFE,au
ag888.SHFE,ag
cu888.SHFE,cu
al888.SHFE,al
ni888.SHFE,ni
zn888.SHFE,zn
hc888.SHFE,hc
i888.DCE,i
j888.DCE,j
jm888.DCE,jm
rb888.SHFE,rb
ZC888.CZCE,ZC
sc888.INE,sc
fu888.SHFE,fu
bu888.SHFE,bu
FG888.CZCE,FG
l888.DCE,l
MA888.CZCE,MA
pp888.DCE,pp
ru888.SHFE,ru
sp888.SHFE,sp
TA888.CZCE,TA
v888.DCE,v
eg888.DCE,eg
a888.DCE,a
AP888.CZCE,AP
c888.DCE,c
CF888.CZCE,CF
cs888.DCE,cs
jd888.DCE,jd
M888.DCE,M
OI888.CZCE,OI
p888.DCE,p
RM888.CZCE,RM
SR888.CZCE,SR
y888.DCE,y
